Dataset,Algoritmo,Configuracion,Ejecucion,Hypervolume,Tiempo,Generaciones_Iteraciones,Tamaño_Pareto,Num_Puntos_Pareto
users1.json,NSGA-II,uniform_inversion_high_mutation,1,0.6577142992473741,223.48411750793457,100,26,26
users1.json,NSGA-II,uniform_inversion_high_mutation,2,0.5785690476271008,244.8651351928711,110,17,17
users1.json,NSGA-II,uniform_inversion_high_mutation,3,0.3842988860331179,252.75711607933044,111,33,33
users1.json,NSGA-II,uniform_inversion_high_mutation,4,0.31855572346435335,125.55242204666138,55,8,8
users1.json,NSGA-II,uniform_inversion_high_mutation,5,0.3005200099933122,130.06320810317993,57,15,15
users1.json,NSGA-II,uniform_inversion_high_mutation,6,0.5646462282721487,232.3193519115448,102,12,12
users1.json,NSGA-II,uniform_inversion_high_mutation,7,0.31004223746485626,156.15044593811035,70,18,18
users1.json,NSGA-II,uniform_inversion_high_mutation,8,0.5429170405192979,145.63916325569153,63,10,10
users1.json,NSGA-II,uniform_inversion_high_mutation,9,0.5592945344787749,259.9607825279236,112,8,8
users1.json,NSGA-II,uniform_inversion_high_mutation,10,0.7082100365195293,353.2057874202728,154,25,25
users1.json,NSGA-II,uniform_inversion_high_mutation,11,0.5513689727578365,169.15485000610352,73,17,17
users1.json,NSGA-II,uniform_inversion_high_mutation,12,0.6988943071309693,420.2582597732544,177,7,7
users1.json,NSGA-II,uniform_inversion_high_mutation,13,0.6730323797256375,218.1851954460144,93,14,14
users1.json,NSGA-II,uniform_inversion_high_mutation,14,0.3246698428428827,159.12017059326172,68,14,14
users1.json,NSGA-II,uniform_inversion_high_mutation,15,0.6298091570170536,232.4748101234436,97,16,16
users1.json,NSGA-II,uniform_inversion_high_mutation,16,0.4855558062810388,235.63445568084717,105,14,14
users1.json,NSGA-II,uniform_inversion_high_mutation,17,0.5326514532813258,298.2816421985626,121,12,12
users1.json,NSGA-II,uniform_inversion_high_mutation,18,0.6710919833347007,303.84246826171875,126,15,15
users1.json,NSGA-II,uniform_inversion_high_mutation,19,0.4884932196926819,335.2677400112152,136,23,23
users1.json,NSGA-II,uniform_inversion_high_mutation,20,0.6031116970886521,315.36585450172424,134,14,14
users1.json,NSGA-II,uniform_inversion_high_mutation,21,0.6065854773251844,170.50089836120605,71,15,15
users1.json,NSGA-II,uniform_inversion_high_mutation,22,0.5510683436033904,208.93458700180054,89,12,12
users1.json,NSGA-II,uniform_inversion_high_mutation,23,0.5655927953007679,171.38463020324707,72,6,6
users1.json,NSGA-II,uniform_inversion_high_mutation,24,0.7489457869185732,287.50941705703735,122,13,13
users1.json,NSGA-II,uniform_inversion_high_mutation,25,0.4170670965821486,211.44609951972961,91,17,17
users1.json,NSGA-II,uniform_inversion_high_mutation,26,0.5313588088886323,225.33361411094666,91,10,10
users1.json,NSGA-II,uniform_inversion_high_mutation,27,0.3691769223697362,187.94625234603882,82,16,16
users1.json,NSGA-II,uniform_inversion_high_mutation,28,0.7175129372662792,265.77630710601807,113,11,11
users1.json,NSGA-II,uniform_inversion_high_mutation,29,0.5762743465824647,226.23473572731018,96,13,13
users1.json,NSGA-II,uniform_inversion_high_mutation,30,0.2818489205014749,182.961119890213,83,23,23
users1.json,NSGA-II,uniform_inversion_high_mutation,31,0.4005784288200756,187.736079454422,79,19,19
users2.json,NSGA-II,uniform_inversion_high_mutation,1,0.2941349631108966,353.64802050590515,92,20,20
users2.json,NSGA-II,uniform_inversion_high_mutation,2,0.3424362107842309,442.34942984580994,114,14,14
users2.json,NSGA-II,uniform_inversion_high_mutation,3,0.2966803592102212,324.16609144210815,85,14,14
users2.json,NSGA-II,uniform_inversion_high_mutation,4,0.5068536478742323,388.8865342140198,100,26,26
users2.json,NSGA-II,uniform_inversion_high_mutation,5,0.17455485369804652,164.67307996749878,41,11,11
users2.json,NSGA-II,uniform_inversion_high_mutation,6,0.4201307565926129,557.0085957050323,141,22,22
users2.json,NSGA-II,uniform_inversion_high_mutation,7,0.579668159622512,595.1115674972534,152,30,30
users2.json,NSGA-II,uniform_inversion_high_mutation,8,0.5229711542630857,660.9666068553925,173,11,11
users2.json,NSGA-II,uniform_inversion_high_mutation,9,0.4109893627375286,506.2774429321289,129,25,25
users2.json,NSGA-II,uniform_inversion_high_mutation,10,0.2932239652970763,346.6445610523224,87,21,21
users2.json,NSGA-II,uniform_inversion_high_mutation,11,0.31004336618503336,423.01684522628784,109,22,22
users2.json,NSGA-II,uniform_inversion_high_mutation,12,0.544171960345496,579.7693247795105,146,31,31
users2.json,NSGA-II,uniform_inversion_high_mutation,13,0.8066829887117535,720.9067573547363,172,13,13
users2.json,NSGA-II,uniform_inversion_high_mutation,14,0.5333576195582257,728.2416951656342,184,20,20
users2.json,NSGA-II,uniform_inversion_high_mutation,15,0.5238827231501738,509.1794707775116,123,31,31
users2.json,NSGA-II,uniform_inversion_high_mutation,16,0.35507354145990666,534.2761561870575,129,19,19
users2.json,NSGA-II,uniform_inversion_high_mutation,17,0.3908983476032924,610.4361834526062,157,18,18
users2.json,NSGA-II,uniform_inversion_high_mutation,18,0.2669228222912424,583.889048576355,140,18,18
users2.json,NSGA-II,uniform_inversion_high_mutation,19,0.2634115801460235,436.5938503742218,107,14,14
users2.json,NSGA-II,uniform_inversion_high_mutation,20,0.4206097276581563,454.0716323852539,112,22,22
users2.json,NSGA-II,uniform_inversion_high_mutation,21,0.3814222679877846,470.12288069725037,113,22,22
users2.json,NSGA-II,uniform_inversion_high_mutation,22,0.5526508243313726,531.2878203392029,130,28,28
users2.json,NSGA-II,uniform_inversion_high_mutation,23,0.5856759506306013,561.5087356567383,138,18,18
users2.json,NSGA-II,uniform_inversion_high_mutation,24,0.32103557341985184,357.95725750923157,84,21,21
users2.json,NSGA-II,uniform_inversion_high_mutation,25,0.5572528537545535,719.3503651618958,163,32,32
users2.json,NSGA-II,uniform_inversion_high_mutation,26,0.2240629268718175,293.09723925590515,71,20,20
users2.json,NSGA-II,uniform_inversion_high_mutation,27,0.36635827921585384,462.479861497879,108,20,20
users2.json,NSGA-II,uniform_inversion_high_mutation,28,0.46354924320632446,607.8132977485657,140,31,31
users2.json,NSGA-II,uniform_inversion_high_mutation,29,0.47200376405365263,818.4958221912384,183,12,12
users2.json,NSGA-II,uniform_inversion_high_mutation,30,0.5177304637512992,554.0865159034729,130,15,15
users2.json,NSGA-II,uniform_inversion_high_mutation,31,0.33390857177120037,444.0078911781311,107,17,17
users3.json,NSGA-II,uniform_inversion_high_mutation,1,0.18959915939227856,576.0930528640747,87,18,18
users3.json,NSGA-II,uniform_inversion_high_mutation,2,0.36993777933321687,954.7230751514435,139,18,18
users3.json,NSGA-II,uniform_inversion_high_mutation,3,0.21812851900003438,522.6304523944855,76,14,14
users3.json,NSGA-II,uniform_inversion_high_mutation,4,0.2660164206273776,704.2025532722473,102,21,21
users3.json,NSGA-II,uniform_inversion_high_mutation,5,0.492801332326805,1631.8280475139618,217,20,20
users3.json,NSGA-II,uniform_inversion_high_mutation,6,0.39518526086099964,883.8707361221313,116,28,28
users3.json,NSGA-II,uniform_inversion_high_mutation,7,0.2733637013297661,805.8618161678314,105,18,18
users3.json,NSGA-II,uniform_inversion_high_mutation,8,0.12336916874295334,316.85635352134705,41,9,9
users3.json,NSGA-II,uniform_inversion_high_mutation,9,0.41670308847473647,1133.8100764751434,115,30,30
users3.json,NSGA-II,uniform_inversion_high_mutation,10,0.23551493694998538,825.6791744232178,78,12,12
users3.json,NSGA-II,uniform_inversion_high_mutation,11,0.35964548582849143,1513.2196555137634,148,27,27
users3.json,NSGA-II,uniform_inversion_high_mutation,12,0.23760586049935237,688.2824866771698,67,7,7
users3.json,NSGA-II,uniform_inversion_high_mutation,13,0.36841218827725253,1550.6958558559418,161,18,18
users3.json,NSGA-II,uniform_inversion_high_mutation,14,0.11859974887611305,476.754243850708,47,12,12
users3.json,NSGA-II,uniform_inversion_high_mutation,15,0.2247372853600812,676.2620499134064,67,22,22
users3.json,NSGA-II,uniform_inversion_high_mutation,16,0.20246529630999271,1093.4199907779694,110,18,18
users3.json,NSGA-II,uniform_inversion_high_mutation,17,0.18492669883804114,822.3417179584503,83,19,19
users3.json,NSGA-II,uniform_inversion_high_mutation,18,0.1106176857286407,387.6136283874512,37,9,9
users3.json,NSGA-II,uniform_inversion_high_mutation,19,0.36657569606631674,991.6387393474579,100,9,9
users3.json,NSGA-II,uniform_inversion_high_mutation,20,0.21985558536797972,762.3817367553711,76,16,16
users3.json,NSGA-II,uniform_inversion_high_mutation,21,0.5858641326508434,2322.821661710739,237,21,21
users3.json,NSGA-II,uniform_inversion_high_mutation,22,0.372870555999046,1568.593070268631,148,24,24
users3.json,NSGA-II,uniform_inversion_high_mutation,23,0.1897876236326279,1132.1796126365662,102,20,20
users3.json,NSGA-II,uniform_inversion_high_mutation,24,0.3089284822913189,918.0934777259827,120,17,17
users3.json,NSGA-II,uniform_inversion_high_mutation,25,0.4557016405173078,1067.3149361610413,143,9,9
users3.json,NSGA-II,uniform_inversion_high_mutation,26,0.2751210042363943,831.2670102119446,109,16,16
users3.json,NSGA-II,uniform_inversion_high_mutation,27,0.4113196792121397,1084.7218172550201,138,13,13
users3.json,NSGA-II,uniform_inversion_high_mutation,28,0.4920842907746058,1014.3578057289124,130,14,14
users3.json,NSGA-II,uniform_inversion_high_mutation,29,0.15284035934387566,479.78339743614197,63,16,16
users3.json,NSGA-II,uniform_inversion_high_mutation,30,0.18058751553517818,480.17500495910645,61,19,19
users3.json,NSGA-II,uniform_inversion_high_mutation,31,0.23011426426765139,904.7580041885376,116,15,15
users4.json,NSGA-II,uniform_inversion_high_mutation,1,0.13972585092280018,1305.5697708129883,104,15,15
users4.json,NSGA-II,uniform_inversion_high_mutation,2,0.19712621668537708,1082.6823666095734,86,15,15
users4.json,NSGA-II,uniform_inversion_high_mutation,3,0.3187469145905553,2329.9515404701233,175,14,14
users4.json,NSGA-II,uniform_inversion_high_mutation,4,0.2769263574572379,1749.3265843391418,133,16,16
users4.json,NSGA-II,uniform_inversion_high_mutation,5,0.2115651079366236,2242.2441368103027,125,18,18
users4.json,NSGA-II,uniform_inversion_high_mutation,6,0.4207966559826797,3881.2719447612762,238,29,29
users4.json,NSGA-II,uniform_inversion_high_mutation,7,0.3723645080768164,1920.4185435771942,145,13,13
users4.json,NSGA-II,uniform_inversion_high_mutation,8,0.32043094685704254,2837.983162879944,210,22,22
users4.json,NSGA-II,uniform_inversion_high_mutation,9,0.25633757709970184,2891.555989265442,211,24,24
users4.json,NSGA-II,uniform_inversion_high_mutation,10,0.10577191515575494,872.4899308681488,65,13,13
users4.json,NSGA-II,uniform_inversion_high_mutation,11,0.2151743460391003,1541.9840750694275,107,15,15
users4.json,NSGA-II,uniform_inversion_high_mutation,12,0.1858088467925665,1490.663343667984,108,21,21
users4.json,NSGA-II,uniform_inversion_high_mutation,13,0.19242477584974604,1588.9687569141388,115,22,22
users4.json,NSGA-II,uniform_inversion_high_mutation,14,0.2248703996133179,1556.5960457324982,112,21,21
users4.json,NSGA-II,uniform_inversion_high_mutation,15,0.12219671952004829,1150.7273390293121,82,11,11
users4.json,NSGA-II,uniform_inversion_high_mutation,16,0.2609731335244747,2391.115974187851,170,27,27
users4.json,NSGA-II,uniform_inversion_high_mutation,17,0.3882086105803012,3236.8242485523224,227,30,30
users4.json,NSGA-II,uniform_inversion_high_mutation,18,0.1776140418499223,1407.3599519729614,98,15,15
users4.json,NSGA-II,uniform_inversion_high_mutation,19,0.2227476352723701,2087.262736558914,143,17,17
users4.json,NSGA-II,uniform_inversion_high_mutation,20,0.7566148336326993,5134.2678327560425,339,14,14
users4.json,NSGA-II,uniform_inversion_high_mutation,21,0.3261247934964825,2320.8518052101135,157,9,9
users4.json,NSGA-II,uniform_inversion_high_mutation,22,0.11855594544443104,1301.0784373283386,88,15,15
users4.json,NSGA-II,uniform_inversion_high_mutation,23,0.401315462627891,3014.631092071533,172,16,16
users4.json,NSGA-II,uniform_inversion_high_mutation,24,0.4272959367260837,7864.860779047012,304,17,17
users4.json,NSGA-II,uniform_inversion_high_mutation,25,0.19570063991263636,3933.9109354019165,166,14,14
users4.json,NSGA-II,uniform_inversion_high_mutation,26,0.4332052332698549,3551.4814534187317,180,19,19
users4.json,NSGA-II,uniform_inversion_high_mutation,27,0.14351487528490783,1829.118774652481,96,16,16
users4.json,NSGA-II,uniform_inversion_high_mutation,28,0.24785037603649573,2431.3904588222504,125,15,15
users4.json,NSGA-II,uniform_inversion_high_mutation,29,0.1480561905326288,1929.6042218208313,94,23,23
users4.json,NSGA-II,uniform_inversion_high_mutation,30,0.11515802105143715,1662.3535361289978,75,14,14
users4.json,NSGA-II,uniform_inversion_high_mutation,31,0.22297722995667985,1962.188146352768,85,9,9
users5.json,NSGA-II,uniform_inversion_high_mutation,1,0.28708435028862606,3552.470190048218,127,19,19
users5.json,NSGA-II,uniform_inversion_high_mutation,2,0.6146709145264158,4838.859654903412,181,17,17
users5.json,NSGA-II,uniform_inversion_high_mutation,3,0.9588674372673909,9646.176941156387,360,18,18
users5.json,NSGA-II,uniform_inversion_high_mutation,4,0.41455478794883605,3920.0836391448975,159,13,13
users5.json,NSGA-II,uniform_inversion_high_mutation,5,0.4372458592525222,3606.7126376628876,145,16,16
users5.json,NSGA-II,uniform_inversion_high_mutation,6,0.4722554884291703,6792.876486778259,268,20,20
users5.json,NSGA-II,uniform_inversion_high_mutation,7,0.3975305524300315,3918.711320400238,154,22,22
users5.json,NSGA-II,uniform_inversion_high_mutation,8,0.4274285893595958,3369.2303943634033,133,12,12
users5.json,NSGA-II,uniform_inversion_high_mutation,9,0.3950733090767776,4635.525637626648,182,16,16
users5.json,NSGA-II,uniform_inversion_high_mutation,10,0.5629651760061954,4805.070225954056,181,22,22
users5.json,NSGA-II,uniform_inversion_high_mutation,11,0.357612231790802,2801.1341774463654,107,15,15
users5.json,NSGA-II,uniform_inversion_high_mutation,12,0.4619636889029378,4847.472329378128,168,15,15
users5.json,NSGA-II,uniform_inversion_high_mutation,13,0.7487449458268838,7326.49504160881,251,20,20
users5.json,NSGA-II,uniform_inversion_high_mutation,14,0.43131251550953,3497.4191377162933,121,15,15
users5.json,NSGA-II,uniform_inversion_high_mutation,15,0.35175378409373814,3558.8843557834625,121,14,14
users5.json,NSGA-II,uniform_inversion_high_mutation,16,0.3612312860750709,3542.934910058975,123,17,17
users5.json,NSGA-II,uniform_inversion_high_mutation,17,0.8377247066671304,8556.794014692307,296,20,20
users5.json,NSGA-II,uniform_inversion_high_mutation,18,0.3723426511394703,3192.51029419899,114,20,20
users5.json,NSGA-II,uniform_inversion_high_mutation,19,0.4948061174438356,7016.427848100662,224,16,16
users5.json,NSGA-II,uniform_inversion_high_mutation,20,0.3008206338438668,3477.828689813614,88,16,16
users5.json,NSGA-II,uniform_inversion_high_mutation,21,0.3607241669843807,4982.923211336136,133,12,12
users5.json,NSGA-II,uniform_inversion_high_mutation,22,0.7422407913266706,8158.043447494507,244,19,19
users5.json,NSGA-II,uniform_inversion_high_mutation,23,0.4951006289546946,6173.537774562836,184,17,17
users5.json,NSGA-II,uniform_inversion_high_mutation,24,0.33263099124217965,4317.964674472809,131,12,12
users5.json,NSGA-II,uniform_inversion_high_mutation,25,0.4010270893420895,6341.611141681671,190,21,21
users5.json,NSGA-II,uniform_inversion_high_mutation,26,0.608731696926361,6641.891177177429,213,12,12
users5.json,NSGA-II,uniform_inversion_high_mutation,27,0.5305455627709595,5895.097207546234,197,17,17
users5.json,NSGA-II,uniform_inversion_high_mutation,28,0.39346129893809334,3815.9829652309418,125,11,11
users5.json,NSGA-II,uniform_inversion_high_mutation,29,0.47541711931403785,6316.825767755508,204,27,27
users5.json,NSGA-II,uniform_inversion_high_mutation,30,0.6029321220341324,7106.840957164764,225,10,10
users5.json,NSGA-II,uniform_inversion_high_mutation,31,0.39768762931526436,4804.379190683365,152,19,19
users1.json,SPEA2,uniform_inversion_high_mutation,1,0.19787924191656503,93.23097658157349,40,1,1
users1.json,SPEA2,uniform_inversion_high_mutation,2,0.39899526983462835,170.53770232200623,74,4,4
users1.json,SPEA2,uniform_inversion_high_mutation,3,0.6419576376778795,565.1650705337524,264,24,24
users1.json,SPEA2,uniform_inversion_high_mutation,4,0.32975368133222094,265.77051401138306,130,13,13
users1.json,SPEA2,uniform_inversion_high_mutation,5,0.5608788914839195,180.67165780067444,89,8,8
users1.json,SPEA2,uniform_inversion_high_mutation,6,0.4712790908885284,427.76924204826355,206,28,28
users1.json,SPEA2,uniform_inversion_high_mutation,7,0.44051974924722126,195.7630341053009,89,9,9
users1.json,SPEA2,uniform_inversion_high_mutation,8,0.5257724866958557,315.7622573375702,148,3,3
users1.json,SPEA2,uniform_inversion_high_mutation,9,0.28266380579342026,196.35054850578308,95,9,9
users1.json,SPEA2,uniform_inversion_high_mutation,10,0.35112955835279536,110.7605516910553,55,5,5
users1.json,SPEA2,uniform_inversion_high_mutation,11,0.6262767758300645,342.19312381744385,158,17,17
users1.json,SPEA2,uniform_inversion_high_mutation,12,0.06423254207036563,70.88751125335693,34,1,1
users1.json,SPEA2,uniform_inversion_high_mutation,13,0.49646917412693764,134.32609224319458,64,8,8
users1.json,SPEA2,uniform_inversion_high_mutation,14,0.5155631713917609,99.43576908111572,47,2,2
users1.json,SPEA2,uniform_inversion_high_mutation,15,0.39104882425122633,313.9050233364105,148,20,20
users1.json,SPEA2,uniform_inversion_high_mutation,16,0.2167385142472185,67.89186644554138,31,2,2
users1.json,SPEA2,uniform_inversion_high_mutation,17,0.3213079462014665,175.10021805763245,83,9,9
users1.json,SPEA2,uniform_inversion_high_mutation,18,0.1382490393957812,123.98644304275513,59,2,2
users1.json,SPEA2,uniform_inversion_high_mutation,19,0.6985309696920647,429.8539242744446,208,16,16
users1.json,SPEA2,uniform_inversion_high_mutation,20,0.49243377882256,340.46938157081604,149,19,19
users1.json,SPEA2,uniform_inversion_high_mutation,21,0.3907272108974723,156.4550974369049,71,4,4
users1.json,SPEA2,uniform_inversion_high_mutation,22,0.5759911199348775,163.50648760795593,74,4,4
users1.json,SPEA2,uniform_inversion_high_mutation,23,0.3287439138809709,143.08873915672302,64,6,6
users1.json,SPEA2,uniform_inversion_high_mutation,24,0.15672559175859496,132.9674985408783,61,8,8
users1.json,SPEA2,uniform_inversion_high_mutation,25,0.015392020917466264,88.27682638168335,42,1,1
users1.json,SPEA2,uniform_inversion_high_mutation,26,0.5233063594752343,255.31771421432495,117,16,16
users1.json,SPEA2,uniform_inversion_high_mutation,27,0.32502894871054255,221.39549493789673,100,7,7
users1.json,SPEA2,uniform_inversion_high_mutation,28,0.5395618213141196,364.80003929138184,163,14,14
users1.json,SPEA2,uniform_inversion_high_mutation,29,0.5521396821192818,226.78365087509155,104,6,6
users1.json,SPEA2,uniform_inversion_high_mutation,30,0.6900549799924673,228.78281664848328,107,2,2
users1.json,SPEA2,uniform_inversion_high_mutation,31,0.31094776342538744,293.44493079185486,134,25,25
users2.json,SPEA2,uniform_inversion_high_mutation,1,0.5263352020006471,272.32898592948914,77,2,2
users2.json,SPEA2,uniform_inversion_high_mutation,2,0.3679579822283622,1063.5379114151,300,6,6
users2.json,SPEA2,uniform_inversion_high_mutation,3,0.34010893527503133,996.5042288303375,275,48,48
users2.json,SPEA2,uniform_inversion_high_mutation,4,0.39125782091423494,795.0569496154785,225,16,16
users2.json,SPEA2,uniform_inversion_high_mutation,5,0.232454849838647,233.29726314544678,66,2,2
users2.json,SPEA2,uniform_inversion_high_mutation,6,0.4289601961957712,501.25622296333313,142,26,26
users2.json,SPEA2,uniform_inversion_high_mutation,7,0.010849797914076883,166.5311086177826,47,2,2
users2.json,SPEA2,uniform_inversion_high_mutation,8,0.19378856977880007,147.44926261901855,41,1,1
users2.json,SPEA2,uniform_inversion_high_mutation,9,0.40618497383321395,690.7950029373169,190,18,18
users2.json,SPEA2,uniform_inversion_high_mutation,10,0.0714677514693623,241.79894542694092,68,1,1
users2.json,SPEA2,uniform_inversion_high_mutation,11,0.3459415764496852,1086.1915805339813,300,34,34
users2.json,SPEA2,uniform_inversion_high_mutation,12,0.3086735496105597,558.2575175762177,150,9,9
users2.json,SPEA2,uniform_inversion_high_mutation,13,0.1978431892648913,688.293023109436,189,11,11
users2.json,SPEA2,uniform_inversion_high_mutation,14,0.28339129240977523,421.5534408092499,117,11,11
users2.json,SPEA2,uniform_inversion_high_mutation,15,0.46900605696906883,1151.688268661499,300,24,24
users2.json,SPEA2,uniform_inversion_high_mutation,16,0.35937490362971075,471.3365659713745,136,20,20
users2.json,SPEA2,uniform_inversion_high_mutation,17,0.4822821710664673,377.72395491600037,105,15,15
users2.json,SPEA2,uniform_inversion_high_mutation,18,0.3190732397678401,1113.5837070941925,300,33,33
users2.json,SPEA2,uniform_inversion_high_mutation,19,0.6586899296918564,734.4003033638,192,19,19
users2.json,SPEA2,uniform_inversion_high_mutation,20,0.7497795512214291,1087.7778985500336,300,14,14
users2.json,SPEA2,uniform_inversion_high_mutation,21,0.24280057209275382,322.9963231086731,91,2,2
users2.json,SPEA2,uniform_inversion_high_mutation,22,0.5818499376903719,357.2334887981415,98,11,11
users2.json,SPEA2,uniform_inversion_high_mutation,23,0.304428143194395,418.2832624912262,107,2,2
users2.json,SPEA2,uniform_inversion_high_mutation,24,0.24985687598903397,297.6724774837494,78,2,2
users2.json,SPEA2,uniform_inversion_high_mutation,25,0.14372709893036417,236.07328414916992,61,14,14
users2.json,SPEA2,uniform_inversion_high_mutation,26,0.6021749514553576,1084.7866671085358,300,17,17
users2.json,SPEA2,uniform_inversion_high_mutation,27,0.7879890995312769,996.2866318225861,271,18,18
users2.json,SPEA2,uniform_inversion_high_mutation,28,0.3388305394587508,1144.196103811264,300,22,22
users2.json,SPEA2,uniform_inversion_high_mutation,29,0.21593050068446668,564.9520435333252,150,12,12
users2.json,SPEA2,uniform_inversion_high_mutation,30,0.4110334303639064,1162.5906994342804,300,27,27
users2.json,SPEA2,uniform_inversion_high_mutation,31,0.27712075669600045,458.1566174030304,115,14,14
users3.json,SPEA2,uniform_inversion_high_mutation,1,0.32043816592459384,1783.9330818653107,300,26,26
users3.json,SPEA2,uniform_inversion_high_mutation,2,0.6707320787150486,1814.8636922836304,300,27,27
users3.json,SPEA2,uniform_inversion_high_mutation,3,0.232733921381204,1441.6618938446045,231,31,31
users3.json,SPEA2,uniform_inversion_high_mutation,4,0.47503594614978745,1853.90545129776,300,45,45
users3.json,SPEA2,uniform_inversion_high_mutation,5,0.45234212735961515,1330.969181060791,205,21,21
users3.json,SPEA2,uniform_inversion_high_mutation,6,0.3956889746953259,978.9131028652191,154,2,2
users3.json,SPEA2,uniform_inversion_high_mutation,7,0.5330650462708061,1962.2126500606537,300,15,15
users3.json,SPEA2,uniform_inversion_high_mutation,8,0.8850404445568747,1880.979424238205,300,13,13
users3.json,SPEA2,uniform_inversion_high_mutation,9,0.6523102929761593,1865.3956792354584,300,32,32
users3.json,SPEA2,uniform_inversion_high_mutation,10,0.3901627393447292,1950.1993470191956,300,30,30
users3.json,SPEA2,uniform_inversion_high_mutation,11,0.19363960077339676,688.6708333492279,108,15,15
users3.json,SPEA2,uniform_inversion_high_mutation,12,0.1684494863104924,323.89323472976685,51,1,1
users3.json,SPEA2,uniform_inversion_high_mutation,13,0.4468862975827277,1958.6943039894104,300,43,43
users3.json,SPEA2,uniform_inversion_high_mutation,14,0.41699900691073954,1999.8928940296173,300,16,16
users3.json,SPEA2,uniform_inversion_high_mutation,15,0.23138836605592444,1941.8766837120056,300,30,30
users3.json,SPEA2,uniform_inversion_high_mutation,16,0.29823596911749706,1946.4122564792633,300,20,20
users3.json,SPEA2,uniform_inversion_high_mutation,17,0.5142459000815336,1940.1333775520325,300,7,7
users3.json,SPEA2,uniform_inversion_high_mutation,18,0.5361101641259918,1709.5348672866821,251,17,17
users3.json,SPEA2,uniform_inversion_high_mutation,19,0.04782916448277996,273.5531575679779,42,1,1
users3.json,SPEA2,uniform_inversion_high_mutation,20,0.33747185157193715,731.7735326290131,115,10,10
users3.json,SPEA2,uniform_inversion_high_mutation,21,0.3791561508935498,2010.2202079296112,300,15,15
users3.json,SPEA2,uniform_inversion_high_mutation,22,0.08882888068931992,581.4666192531586,89,2,2
users3.json,SPEA2,uniform_inversion_high_mutation,23,0.2761061640683251,1962.85813498497,300,30,30
users3.json,SPEA2,uniform_inversion_high_mutation,24,0.5757689124941481,2067.149487018585,300,31,31
users3.json,SPEA2,uniform_inversion_high_mutation,25,0.09953594962165516,508.1621651649475,75,2,2
users3.json,SPEA2,uniform_inversion_high_mutation,26,0.2026718724790352,843.0804417133331,129,2,2
users3.json,SPEA2,uniform_inversion_high_mutation,27,0.43495020306695314,2033.9154303073883,300,10,10
users3.json,SPEA2,uniform_inversion_high_mutation,28,0.35502647692148737,2034.519461631775,300,26,26
users3.json,SPEA2,uniform_inversion_high_mutation,29,0.7145985811784384,2036.8125953674316,300,19,19
users3.json,SPEA2,uniform_inversion_high_mutation,30,0.13862821372468595,723.9716277122498,111,1,1
users3.json,SPEA2,uniform_inversion_high_mutation,31,0.7317932084669487,975.5353212356567,140,10,10
users4.json,SPEA2,uniform_inversion_high_mutation,1,0.2831858683098819,3357.9002816677094,300,20,20
users4.json,SPEA2,uniform_inversion_high_mutation,2,0.3531949938045866,3429.2121851444244,300,21,21
users4.json,SPEA2,uniform_inversion_high_mutation,3,0.21705083412159193,3454.9053711891174,300,25,25
users4.json,SPEA2,uniform_inversion_high_mutation,4,0.22843421161616728,3560.543047428131,300,14,14
users4.json,SPEA2,uniform_inversion_high_mutation,5,0.1290010192365239,521.6358251571655,44,2,2
users4.json,SPEA2,uniform_inversion_high_mutation,6,0.2518512984206842,3546.1117520332336,300,39,39
users4.json,SPEA2,uniform_inversion_high_mutation,7,0.06446249032002226,879.3451225757599,74,6,6
users4.json,SPEA2,uniform_inversion_high_mutation,8,0.086291969887973,1213.2119739055634,101,2,2
users4.json,SPEA2,uniform_inversion_high_mutation,9,0.3106858475937045,3589.217777490616,300,18,18
users4.json,SPEA2,uniform_inversion_high_mutation,10,0.24478290498915609,3606.386348962784,300,8,8
users4.json,SPEA2,uniform_inversion_high_mutation,11,0.32721977399619007,3568.050589799881,300,22,22
users4.json,SPEA2,uniform_inversion_high_mutation,12,0.1437264639546867,2320.0636847019196,198,2,2
users4.json,SPEA2,uniform_inversion_high_mutation,13,0.2502431510275722,2501.7021141052246,202,10,10
users4.json,SPEA2,uniform_inversion_high_mutation,14,0.26733959768832083,2767.1355743408203,228,17,17
users4.json,SPEA2,uniform_inversion_high_mutation,15,0.4031978533918867,3726.8886907100677,300,24,24
users4.json,SPEA2,uniform_inversion_high_mutation,16,0.2598435970486356,3814.3849329948425,300,21,21
users4.json,SPEA2,uniform_inversion_high_mutation,17,0.23030936273864902,3822.462384700775,300,7,7
users4.json,SPEA2,uniform_inversion_high_mutation,18,0.26771122907685174,1399.0387425422668,108,2,2
users4.json,SPEA2,uniform_inversion_high_mutation,19,0.09669182649239284,1344.2162272930145,109,7,7
users4.json,SPEA2,uniform_inversion_high_mutation,20,0.045099879889442564,1335.8310368061066,109,1,1
users4.json,SPEA2,uniform_inversion_high_mutation,21,0.45059954335890356,3728.35848903656,300,30,30
users4.json,SPEA2,uniform_inversion_high_mutation,22,0.0701077941608371,966.957973241806,77,2,2
users4.json,SPEA2,uniform_inversion_high_mutation,23,0.15302570816672847,1349.6327006816864,109,11,11
users4.json,SPEA2,uniform_inversion_high_mutation,24,0.3341591946664172,3827.761689901352,300,27,27
users4.json,SPEA2,uniform_inversion_high_mutation,25,0.04437015361579365,780.8135898113251,59,2,2
users4.json,SPEA2,uniform_inversion_high_mutation,26,0.04748716372510345,1069.8703927993774,84,10,10
users4.json,SPEA2,uniform_inversion_high_mutation,27,0.23977299005961267,3894.4107711315155,300,41,41
users4.json,SPEA2,uniform_inversion_high_mutation,28,0.5900552558340035,3972.90744638443,300,35,35
users4.json,SPEA2,uniform_inversion_high_mutation,29,0.11598916121735697,3878.7881915569305,300,28,28
users4.json,SPEA2,uniform_inversion_high_mutation,30,0.12808371715544134,1868.1018362045288,142,16,16
users4.json,SPEA2,uniform_inversion_high_mutation,31,0.20841519420245552,2618.6639029979706,202,17,17
users5.json,SPEA2,uniform_inversion_high_mutation,1,0.6796276244181638,2374.354121208191,121,1,1
users5.json,SPEA2,uniform_inversion_high_mutation,2,0.3717655378661116,2558.4010741710663,130,2,2
users5.json,SPEA2,uniform_inversion_high_mutation,3,0.3589395641285324,5849.620342731476,300,18,18
users5.json,SPEA2,uniform_inversion_high_mutation,4,0.27047262321927573,5905.930079698563,300,20,20
users5.json,SPEA2,uniform_inversion_high_mutation,5,0.03846674044763068,1229.1389310359955,61,2,2
users5.json,SPEA2,uniform_inversion_high_mutation,6,0.42137737532306657,5907.397944927216,300,27,27
users5.json,SPEA2,uniform_inversion_high_mutation,7,0.45941934481992286,6100.717495679855,300,6,6
users5.json,SPEA2,uniform_inversion_high_mutation,8,0.4697622788944815,6249.292896032333,300,26,26
users5.json,SPEA2,uniform_inversion_high_mutation,9,0.3710108921515113,6231.586569547653,300,16,16
users5.json,SPEA2,uniform_inversion_high_mutation,10,0.3047953629717323,4750.30034160614,231,17,17
users5.json,SPEA2,uniform_inversion_high_mutation,11,0.47513959305258646,6383.767842531204,293,6,6
users5.json,SPEA2,uniform_inversion_high_mutation,12,0.5329580053360028,6444.415804386139,300,20,20
users5.json,SPEA2,uniform_inversion_high_mutation,13,0.39813232108216084,6446.979777097702,300,26,26
users5.json,SPEA2,uniform_inversion_high_mutation,14,0.14136765360282927,1707.964931488037,81,2,2
users5.json,SPEA2,uniform_inversion_high_mutation,15,0.2536193612526032,3989.5449347496033,185,9,9
users5.json,SPEA2,uniform_inversion_high_mutation,16,0.18172636447562157,6588.324218034744,300,23,23
users5.json,SPEA2,uniform_inversion_high_mutation,17,0.38354972844286656,6613.303562641144,300,22,22
users5.json,SPEA2,uniform_inversion_high_mutation,18,0.026535430759977368,920.5348448753357,43,1,1
users5.json,SPEA2,uniform_inversion_high_mutation,19,0.30523279026259104,6587.1014993190765,300,21,21
users5.json,SPEA2,uniform_inversion_high_mutation,20,0.29285632824453794,6484.369377374649,300,35,35
users5.json,SPEA2,uniform_inversion_high_mutation,21,0.43805519550178756,6587.085443019867,300,13,13
users5.json,SPEA2,uniform_inversion_high_mutation,22,0.21966534275182228,1822.6416699886322,82,2,2
users5.json,SPEA2,uniform_inversion_high_mutation,23,0.28741258971704153,6879.461978673935,300,32,32
users5.json,SPEA2,uniform_inversion_high_mutation,24,0.3074740296542152,6839.105396747589,300,32,32
users5.json,SPEA2,uniform_inversion_high_mutation,25,0.26668808192771987,5785.2650690078735,253,18,18
users5.json,SPEA2,uniform_inversion_high_mutation,26,0.34154005069672766,6871.628860473633,300,39,39
users5.json,SPEA2,uniform_inversion_high_mutation,27,0.3396781222397887,7133.723085403442,300,14,14
users5.json,SPEA2,uniform_inversion_high_mutation,28,0.5250707057610529,6942.980949640274,300,11,11
users5.json,SPEA2,uniform_inversion_high_mutation,29,0.15927055827462122,2793.051478624344,122,2,2
users5.json,SPEA2,uniform_inversion_high_mutation,30,0.4778341244365679,5363.303007602692,233,20,20
users5.json,SPEA2,uniform_inversion_high_mutation,31,0.30104150388952,6870.182543754578,300,17,17
users1.json,PACO,high_pheromone_influence,1,0.28062894485798173,967.627607345581,0,9,9
users1.json,PACO,high_pheromone_influence,2,0.315771812392281,722.0832462310791,0,6,6
users1.json,PACO,high_pheromone_influence,3,0.3317185822073353,477.5747067928314,0,6,6
users1.json,PACO,high_pheromone_influence,4,0.29084226593023976,717.6788251399994,0,9,9
users1.json,PACO,high_pheromone_influence,5,0.3522377294899178,731.3815689086914,0,9,9
users1.json,PACO,high_pheromone_influence,6,0.30487535947706323,1326.1317217350006,0,9,9
users1.json,PACO,high_pheromone_influence,7,0.2583230608722964,455.1692280769348,0,9,9
users1.json,PACO,high_pheromone_influence,8,0.3956686269986526,424.4282810688019,0,4,4
users1.json,PACO,high_pheromone_influence,9,0.2905115262578304,1091.788779258728,0,8,8
users1.json,PACO,high_pheromone_influence,10,0.2333217678986244,805.2218203544617,0,8,8
users1.json,PACO,high_pheromone_influence,11,0.2965536941662684,969.9268057346344,0,12,12
users1.json,PACO,high_pheromone_influence,12,0.2718778352637712,589.1317873001099,0,9,9
users1.json,PACO,high_pheromone_influence,13,0.22066543380516299,1040.785717010498,0,10,10
users1.json,PACO,high_pheromone_influence,14,0.3406961066975851,1398.7875125408173,0,11,11
users1.json,PACO,high_pheromone_influence,15,0.2408150557232424,719.8425409793854,0,7,7
users1.json,PACO,high_pheromone_influence,16,0.356830161958605,577.6735010147095,0,7,7
users1.json,PACO,high_pheromone_influence,17,0.3533272709697516,743.1354749202728,0,9,9
users1.json,PACO,high_pheromone_influence,18,0.347477476282145,1573.5649583339691,0,9,9
users1.json,PACO,high_pheromone_influence,19,0.3146459367946639,716.9761481285095,0,9,9
users1.json,PACO,high_pheromone_influence,20,0.32629023932549983,1029.0233659744263,0,8,8
users1.json,PACO,high_pheromone_influence,21,0.2583816290137001,935.3571178913116,0,10,10
users1.json,PACO,high_pheromone_influence,22,0.3213082141380955,610.8257474899292,0,6,6
users1.json,PACO,high_pheromone_influence,23,0.25679625401346734,1180.9163827896118,0,9,9
users1.json,PACO,high_pheromone_influence,24,0.27094898594599726,558.3245315551758,0,12,12
users1.json,PACO,high_pheromone_influence,25,0.3074335727898753,587.0265502929688,0,5,5
users1.json,PACO,high_pheromone_influence,26,0.35383110807204965,1064.299643278122,0,5,5
users1.json,PACO,high_pheromone_influence,27,0.35373911969163374,359.89031314849854,0,6,6
users1.json,PACO,high_pheromone_influence,28,0.28127296166833204,548.1494705677032,0,10,10
users1.json,PACO,high_pheromone_influence,29,0.32858118637109734,838.7787792682648,0,9,9
users1.json,PACO,high_pheromone_influence,30,0.29037870071082844,673.808629989624,0,7,7
users1.json,PACO,high_pheromone_influence,31,0.39743143560677696,1050.261952161789,0,12,12
users2.json,PACO,high_pheromone_influence,1,0.279690712126963,1229.1125593185425,0,6,6
users2.json,PACO,high_pheromone_influence,2,0.2573636907659528,1389.3421959877014,0,11,11
users2.json,PACO,high_pheromone_influence,3,0.3551974814976561,1372.394901752472,0,9,9
users2.json,PACO,high_pheromone_influence,4,0.33247934279810604,1561.1297240257263,0,4,4
users2.json,PACO,high_pheromone_influence,5,0.35824285120985366,1615.6706328392029,0,9,9
users2.json,PACO,high_pheromone_influence,6,0.2713330655942056,2068.812070131302,0,16,16
users2.json,PACO,high_pheromone_influence,7,0.30918994358868945,1067.658126592636,0,6,6
users2.json,PACO,high_pheromone_influence,8,0.3127749247725509,990.301971912384,0,9,9
users2.json,PACO,high_pheromone_influence,9,0.2686984020301003,2757.4059171676636,0,13,13
users2.json,PACO,high_pheromone_influence,10,0.3155395778240374,697.8872554302216,0,6,6
users2.json,PACO,high_pheromone_influence,11,0.25840082741734777,922.700222492218,0,5,5
users2.json,PACO,high_pheromone_influence,12,0.2529053724590751,1711.6368374824524,0,9,9
users2.json,PACO,high_pheromone_influence,13,0.2878835754851563,1884.2199935913086,0,11,11
users2.json,PACO,high_pheromone_influence,14,0.2750269820449586,1829.326542377472,0,13,13
users2.json,PACO,high_pheromone_influence,15,0.2952895936849007,1098.3828027248383,0,10,10
users2.json,PACO,high_pheromone_influence,16,0.26096792303528066,1895.199904680252,0,15,15
users2.json,PACO,high_pheromone_influence,17,0.2716510625835372,1819.3191094398499,0,13,13
users2.json,PACO,high_pheromone_influence,18,0.3218803303657143,2301.905336856842,0,10,10
users2.json,PACO,high_pheromone_influence,19,0.28509553961688505,645.3657205104828,0,9,9
users2.json,PACO,high_pheromone_influence,20,0.28681418308207457,896.0816876888275,0,7,7
users2.json,PACO,high_pheromone_influence,21,0.2556024953068651,1857.3256731033325,0,15,15
users2.json,PACO,high_pheromone_influence,22,0.3153114807692936,1803.8158791065216,0,14,14
users2.json,PACO,high_pheromone_influence,23,0.2853321582296278,1225.1022877693176,0,12,12
users2.json,PACO,high_pheromone_influence,24,0.300960599621396,1623.8200025558472,0,12,12
users2.json,PACO,high_pheromone_influence,25,0.30161960146867106,1596.0325326919556,0,10,10
users2.json,PACO,high_pheromone_influence,26,0.3288717917754152,2088.2345213890076,0,10,10
users2.json,PACO,high_pheromone_influence,27,0.34422367377040736,2483.1274020671844,0,9,9
users2.json,PACO,high_pheromone_influence,28,0.2779836706545277,648.1520941257477,0,7,7
users2.json,PACO,high_pheromone_influence,29,0.26397459729460493,1151.881595134735,0,9,9
users2.json,PACO,high_pheromone_influence,30,0.354271123556772,2216.289346218109,0,14,14
users2.json,PACO,high_pheromone_influence,31,0.30979489631591633,749.8419613838196,0,4,4
users3.json,PACO,high_pheromone_influence,1,0.26536054266402087,2880.9771003723145,0,14,14
users3.json,PACO,high_pheromone_influence,2,0.23136970317407293,3228.4070031642914,0,12,12
users3.json,PACO,high_pheromone_influence,3,0.3020906929934072,1019.8705811500549,0,7,7
users3.json,PACO,high_pheromone_influence,4,0.27558939044505454,3109.4388313293457,0,6,6
users3.json,PACO,high_pheromone_influence,5,0.24577035711919779,2367.9160585403442,0,11,11
users3.json,PACO,high_pheromone_influence,6,0.26813496594172304,1627.4273686408997,0,3,3
users3.json,PACO,high_pheromone_influence,7,0.24297986065249833,3598.0741391181946,0,13,13
users3.json,PACO,high_pheromone_influence,8,0.225805351040279,1775.4197716712952,0,9,9
users3.json,PACO,high_pheromone_influence,9,0.30888974177377526,1872.3106174468994,0,6,6
users3.json,PACO,high_pheromone_influence,10,0.26905857341468126,4907.8779628276825,0,13,13
users3.json,PACO,high_pheromone_influence,11,0.2816844709292533,846.2275085449219,0,7,7
users3.json,PACO,high_pheromone_influence,12,0.30934737307820276,2307.126889228821,0,12,12
users3.json,PACO,high_pheromone_influence,13,0.318151934408945,2073.65961933136,0,6,6
users3.json,PACO,high_pheromone_influence,14,0.2714818189005215,2305.153030395508,0,9,9
users3.json,PACO,high_pheromone_influence,15,0.28514635002414945,2805.073760032654,0,13,13
users3.json,PACO,high_pheromone_influence,16,0.23873806435693637,2488.40243601799,0,8,8
users3.json,PACO,high_pheromone_influence,17,0.21886422870544592,3197.3865134716034,0,16,16
users3.json,PACO,high_pheromone_influence,18,0.2606525107639897,2041.625634431839,0,9,9
users3.json,PACO,high_pheromone_influence,19,0.27752297129192127,2721.8405616283417,0,11,11
users3.json,PACO,high_pheromone_influence,20,0.2874703925490919,3192.306777715683,0,9,9
users3.json,PACO,high_pheromone_influence,21,0.28061205976945675,2327.4188888072968,0,6,6
users3.json,PACO,high_pheromone_influence,22,0.2543153906104693,2799.7495908737183,0,6,6
users3.json,PACO,high_pheromone_influence,23,0.26001160924100697,2694.33744764328,0,11,11
users3.json,PACO,high_pheromone_influence,24,0.2966886319439538,2060.5661618709564,0,6,6
users3.json,PACO,high_pheromone_influence,25,0.3340924712871137,1652.9127867221832,0,8,8
users3.json,PACO,high_pheromone_influence,26,0.30531568728674985,2509.2696738243103,0,8,8
users3.json,PACO,high_pheromone_influence,27,0.2647686406611784,1319.2061109542847,0,6,6
users3.json,PACO,high_pheromone_influence,28,0.29881453268758706,2286.179701089859,0,12,12
users3.json,PACO,high_pheromone_influence,29,0.23756212693306977,1791.2126133441925,0,9,9
users3.json,PACO,high_pheromone_influence,30,0.2901597865077102,2938.965178012848,0,11,11
users3.json,PACO,high_pheromone_influence,31,0.2498626167372363,2015.6453545093536,0,6,6
users4.json,PACO,high_pheromone_influence,1,0.1599636768742797,2151.3462584018707,0,9,9
users4.json,PACO,high_pheromone_influence,2,0.15921226576181935,2771.448619365692,0,10,10
users4.json,PACO,high_pheromone_influence,3,0.16520803722050126,2902.1379482746124,0,10,10
users4.json,PACO,high_pheromone_influence,4,0.1876633793549041,2280.7079133987427,0,10,10
users4.json,PACO,high_pheromone_influence,5,0.17089354469282741,5676.196487903595,0,9,9
users4.json,PACO,high_pheromone_influence,6,0.18507309964749852,4478.877387523651,0,14,14
users4.json,PACO,high_pheromone_influence,7,0.15121552428536483,2563.2686491012573,0,9,9
users4.json,PACO,high_pheromone_influence,8,0.1913131170858301,4127.64914226532,0,6,6
users4.json,PACO,high_pheromone_influence,9,0.18557624531140063,2579.77734541893,0,9,9
users4.json,PACO,high_pheromone_influence,10,0.1844084832358378,4062.2768881320953,0,8,8
users4.json,PACO,high_pheromone_influence,11,0.17768530056131748,4353.919156551361,0,9,9
users4.json,PACO,high_pheromone_influence,12,0.16473236974803873,5218.371748924255,0,14,14
users4.json,PACO,high_pheromone_influence,13,0.15968679100667546,6343.2681183815,0,19,19
users4.json,PACO,high_pheromone_influence,14,0.15337547269491145,3442.7414848804474,0,11,11
users4.json,PACO,high_pheromone_influence,15,0.179559397519503,4217.901631832123,0,13,13
users4.json,PACO,high_pheromone_influence,16,0.20006388397757507,2478.732766151428,0,9,9
users4.json,PACO,high_pheromone_influence,17,0.2017324989243749,2287.3471913337708,0,10,10
users4.json,PACO,high_pheromone_influence,18,0.20200040522542062,3021.6382002830505,0,10,10
users4.json,PACO,high_pheromone_influence,19,0.15231820402742896,1718.723556280136,0,10,10
users4.json,PACO,high_pheromone_influence,20,0.17341255852363813,2079.5656399726868,0,7,7
users4.json,PACO,high_pheromone_influence,21,0.19020037692011926,4103.200722455978,0,8,8
users4.json,PACO,high_pheromone_influence,22,0.17543020271393808,3378.462960958481,0,7,7
users4.json,PACO,high_pheromone_influence,23,0.16988970579049228,3239.277930021286,0,11,11
users4.json,PACO,high_pheromone_influence,24,0.16876297166972704,4897.3338923454285,0,11,11
users4.json,PACO,high_pheromone_influence,25,0.1820639569689942,4481.544386148453,0,8,8
users4.json,PACO,high_pheromone_influence,26,0.19722861742539807,3523.0046944618225,0,11,11
users4.json,PACO,high_pheromone_influence,27,0.18226246765416074,1271.643470287323,0,7,7
users4.json,PACO,high_pheromone_influence,28,0.19162536199939506,4097.148301362991,0,6,6
users4.json,PACO,high_pheromone_influence,29,0.17482216161169137,5397.822479724884,0,15,15
users4.json,PACO,high_pheromone_influence,30,0.1633824062992176,2866.4912617206573,0,9,9
users4.json,PACO,high_pheromone_influence,31,0.191873187844593,1728.740977525711,0,10,10
users5.json,PACO,high_pheromone_influence,1,0.09596305062443712,3026.003471136093,0,7,7
users5.json,PACO,high_pheromone_influence,2,0.1487822641246986,5102.799881696701,0,13,13
users5.json,PACO,high_pheromone_influence,3,0.12059490784416631,2150.0611538887024,0,8,8
users5.json,PACO,high_pheromone_influence,4,0.11722896969317327,2044.75980758667,0,7,7
users5.json,PACO,high_pheromone_influence,5,0.11806744125836649,1962.0435826778412,0,9,9
users5.json,PACO,high_pheromone_influence,6,0.12722174071333064,1856.7393383979797,0,7,7
users5.json,PACO,high_pheromone_influence,7,0.10757401163576688,4614.62953042984,0,14,14
users5.json,PACO,high_pheromone_influence,8,0.12258371959438345,5393.02112197876,0,10,10
users5.json,PACO,high_pheromone_influence,9,0.08591334983578133,2916.3161549568176,0,9,9
users5.json,PACO,high_pheromone_influence,10,0.12584710255582834,2902.479029893875,0,11,11
users5.json,PACO,high_pheromone_influence,11,0.13245662064054198,3447.8828065395355,0,14,14
users5.json,PACO,high_pheromone_influence,12,0.12166189468530507,1794.6524729728699,0,8,8
users5.json,PACO,high_pheromone_influence,13,0.1618283531087905,3978.0253834724426,0,12,12
users5.json,PACO,high_pheromone_influence,14,0.1083359865705562,3267.089474916458,0,11,11
users5.json,PACO,high_pheromone_influence,15,0.14142111098649138,4722.32868885994,0,14,14
users5.json,PACO,high_pheromone_influence,16,0.16210350675110252,5530.828187465668,0,11,11
users5.json,PACO,high_pheromone_influence,17,0.09758826342143952,2137.9745066165924,0,15,15
users5.json,PACO,high_pheromone_influence,18,0.1299242180755871,6526.45614862442,0,12,12
users5.json,PACO,high_pheromone_influence,19,0.10379873011635544,4382.898168563843,0,12,12
users5.json,PACO,high_pheromone_influence,20,0.10843690535875332,2017.7203443050385,0,7,7
users5.json,PACO,high_pheromone_influence,21,0.0991079308611334,2921.531175136566,0,8,8
users5.json,PACO,high_pheromone_influence,22,0.0970329012757069,2025.955739736557,0,9,9
users5.json,PACO,high_pheromone_influence,23,0.1354435251489094,2138.7788071632385,0,9,9
users5.json,PACO,high_pheromone_influence,24,0.12098885456039249,2121.3477210998535,0,15,15
users5.json,PACO,high_pheromone_influence,25,0.09807801560560821,1901.0374405384064,0,11,11
users5.json,PACO,high_pheromone_influence,26,0.10729850973331576,1848.9961905479431,0,7,7
users5.json,PACO,high_pheromone_influence,27,0.11369854831457318,1846.1816017627716,0,8,8
users5.json,PACO,high_pheromone_influence,28,0.11051215723808565,5411.1303651332855,0,16,16
users5.json,PACO,high_pheromone_influence,29,0.12924609900682396,2335.2083015441895,0,10,10
users5.json,PACO,high_pheromone_influence,30,0.13782102484486478,2048.774711370468,0,13,13
users5.json,PACO,high_pheromone_influence,31,0.10118791917210324,2499.9064569473267,0,12,12
